{
  "project_info": {
    "project_number": "980881954960",
    "project_id": "sistempakar-a9df0",
    "storage_bucket": "sistempakar-a9df0.appspot.com"
  },
  "client": [
    {
      "client_info": {
        "mobilesdk_app_id": "1:980881954960:android:f112181a5101bef3ea2015",
        "android_client_info": {
          "package_name": "com.kikoy.sistempakar"
        }
      },
      "oauth_client": [
        {
          "client_id": "980881954960-0e49gpa3k5aa78haqo0hjlsbp11m1kqp.apps.googleusercontent.com",
          "client_type": 1,
          "android_info": {
            "package_name": "com.kikoy.sistempakar",
            "certificate_hash": "7c3af37ba15e6296dfc41eceaed22dfd725c4b19"
          }
        },
        {
          "client_id": "980881954960-rh9i8q1p7nc8amindm99tgl9tphfhc2k.apps.googleusercontent.com",
          "client_type": 3
        }
      ],
      "api_key": [
        {
          "current_key": "AIzaSyDH5kGSt6KJKpKVPu7HAQlhkenGHxi6yis"
        }
      ],
      "services": {
        "appinvite_service": {
          "other_platform_oauth_client": [
            {
              "client_id": "980881954960-rh9i8q1p7nc8amindm99tgl9tphfhc2k.apps.googleusercontent.com",
              "client_type": 3
            }
          ]
        }
      }
    }
  ],
  "configuration_version": "1"
}